CREATE TABLE Items (ITEM_ID INT PRIMARY KEY,
                    ITEM_DESC VARCHAR(255),
                     UNIT_PRICE DECIMAL(10, 2));


CREATE TABLE Customers ( CUSTOMER_ID INT PRIMARY KEY,
                        CUSTOMER_NAME VARCHAR(255),
                        ADDRESS VARCHAR(255),
                        CONTACT_NUMBER VARCHAR(15));


CREATE TABLE Transactions (   TRANSACTION_ID INT PRIMARY KEY,
                              ITEM_ID INT,
                              CUSTOMER_ID INT,
                              QTY INT,
                              TRANSACTION_NUMBER INT,
                              TRANS_DATE DATE,
                              FOREIGN KEY (ITEM_ID) REFERENCES Items(ITEM_ID),
                              FOREIGN KEY (CUSTOMER_ID) REFERENCES Customers(CUSTOMER_ID));




INSERT INTO Items (ITEM_ID, ITEM_DESC, UNIT_PRICE)
VALUES (1, 'Coocoo Cola', 50.00);

INSERT INTO Items (ITEM_ID, ITEM_DESC, UNIT_PRICE)
VALUES (2, 'Gardenya', 25.00);

INSERT INTO Items (ITEM_ID, ITEM_DESC, UNIT_PRICE)
VALUES (3, 'Stick U', 60.00);


INSERT INTO Customers (CUSTOMER_ID, CUSTOMER_NAME, ADDRESS, CONTACT_NUMBER)
VALUES (1, 'J. dela Cruz', 'Tagaytay', '0919111222333');

INSERT INTO Customers (CUSTOMER_ID, CUSTOMER_NAME, ADDRESS, CONTACT_NUMBER)
VALUES (2, 'A. Kechum', 'Silang', '09991119219');

INSERT INTO Customers (CUSTOMER_ID, CUSTOMER_NAME, ADDRESS, CONTACT_NUMBER)
VALUES (3, 'G. Viscon', 'Alfonso', NULL);




INSERT INTO Transactions (TRANSACTION_ID, ITEM_ID, CUSTOMER_ID, QTY, TRANSACTION_NUMBER, TRANS_DATE)
VALUES (1, 1, 1, 1, 1, TO_DATE('2024-04-11', 'YYYY-MM-DD'));

INSERT INTO Transactions (TRANSACTION_ID, ITEM_ID, CUSTOMER_ID, QTY, TRANSACTION_NUMBER, TRANS_DATE)
VALUES (2, 2, 1, 1, 1, TO_DATE('2024-04-11', 'YYYY-MM-DD'));

INSERT INTO Transactions (TRANSACTION_ID, ITEM_ID, CUSTOMER_ID, QTY, TRANSACTION_NUMBER, TRANS_DATE)
VALUES (3, 1, 2, 2, 2, TO_DATE('2024-04-11', 'YYYY-MM-DD'));

INSERT INTO Transactions (TRANSACTION_ID, ITEM_ID, CUSTOMER_ID, QTY, TRANSACTION_NUMBER, TRANS_DATE)
VALUES (4, 2, 3, 1, 3, TO_DATE('2024-04-12', 'YYYY-MM-DD'));

INSERT INTO Transactions (TRANSACTION_ID, ITEM_ID, CUSTOMER_ID, QTY, TRANSACTION_NUMBER, TRANS_DATE)
VALUES (5, 3, 1, 1, 4, TO_DATE('2024-04-12', 'YYYY-MM-DD'));



